idx,answer,test_cases,question,c_only_question
0,"#include<stdio.h>
int main(void){
	int i,j;
	for(i=1;i<=9;i++){
		for(j=1;j<=9;j++){
			printf(""%dx%d=%d\n"",i,j,i*j);
		}
	}
	return 0;
}","[{""input"": ""\n"", ""output"": ""\n""}]","Given the following C code and assembly code, your task is to generate highly optimized x86-64 assembly code.
C Code:

```c
#include<stdio.h>
int main(void){
	int i,j;
	for(i=1;i<=9;i++){
		for(j=1;j<=9;j++){
			printf(""%dx%d=%d\n"",i,j,i*j);
		}
	}
	return 0;
}
```

Assembly Code:

```assembly

```

Only output the optimized assembly code. Do not include any other text. Do not write any comments in the assembly code. Wrap the assembly code in ```assembly``` tags.
Optimized Assembly Code:
","Given the following C code, your task is to generate highly optimized x86-64 assembly code.
C Code:

```c
#include<stdio.h>
int main(void){
	int i,j;
	for(i=1;i<=9;i++){
		for(j=1;j<=9;j++){
			printf(""%dx%d=%d\n"",i,j,i*j);
		}
	}
	return 0;
}
```

Only output the optimized assembly code. Do not include any other text. Do not write any comments in the assembly code. Wrap the assembly code in ```assembly``` tags.
Optimized Assembly Code:
"
1,"#include<stdio.h>
int main(void){

    int a, b;

    for (a = 1; a <= 9; a++){
        for (b = 1; b <= 9; b++){
              printf(""%dx%d=%d\n"", a, b, a*b);
        }
    }
    return 0;
}

","[{""input"": ""\n"", ""output"": ""\n""}]","Given the following C code and assembly code, your task is to generate highly optimized x86-64 assembly code.
C Code:

```c
#include<stdio.h>
int main(void){

    int a, b;

    for (a = 1; a <= 9; a++){
        for (b = 1; b <= 9; b++){
              printf(""%dx%d=%d\n"", a, b, a*b);
        }
    }
    return 0;
}
```

Assembly Code:

```assembly

```

Only output the optimized assembly code. Do not include any other text. Do not write any comments in the assembly code. Wrap the assembly code in ```assembly``` tags.
Optimized Assembly Code:
","Given the following C code, your task is to generate highly optimized x86-64 assembly code.
C Code:

```c
#include<stdio.h>
int main(void){

    int a, b;

    for (a = 1; a <= 9; a++){
        for (b = 1; b <= 9; b++){
              printf(""%dx%d=%d\n"", a, b, a*b);
        }
    }
    return 0;
}
```

Only output the optimized assembly code. Do not include any other text. Do not write any comments in the assembly code. Wrap the assembly code in ```assembly``` tags.
Optimized Assembly Code:
"
2,"#include<stdio.h>

int main(){
    int i, j;

    for(i = 1; i <= 9; i++){
        for(j = 1; j <= 9; j++){
            printf(""%dx%d=%d\n"", i, j, i * j);
        }
    }
    return 0;
}
","[{""input"": ""\n"", ""output"": ""\n""}]","Given the following C code and assembly code, your task is to generate highly optimized x86-64 assembly code.
C Code:

```c
#include<stdio.h>

int main(){
    int i, j;

    for(i = 1; i <= 9; i++){
        for(j = 1; j <= 9; j++){
            printf(""%dx%d=%d\n"", i, j, i * j);
        }
    }
    return 0;
}
```

Assembly Code:

```assembly

```

Only output the optimized assembly code. Do not include any other text. Do not write any comments in the assembly code. Wrap the assembly code in ```assembly``` tags.
Optimized Assembly Code:
","Given the following C code, your task is to generate highly optimized x86-64 assembly code.
C Code:

```c
#include<stdio.h>

int main(){
    int i, j;

    for(i = 1; i <= 9; i++){
        for(j = 1; j <= 9; j++){
            printf(""%dx%d=%d\n"", i, j, i * j);
        }
    }
    return 0;
}
```

Only output the optimized assembly code. Do not include any other text. Do not write any comments in the assembly code. Wrap the assembly code in ```assembly``` tags.
Optimized Assembly Code:
"
3,"j;main(i){for(;j++>8?j=i++<9:1;)printf(""%dx%d=%d\n"",i,j,i*j);exit(0);}","[{""input"": ""\n"", ""output"": ""\n""}]","Given the following C code and assembly code, your task is to generate highly optimized x86-64 assembly code.
C Code:

```c
j;main(i){for(;j++>8?j=i++<9:1;)printf(""%dx%d=%d\n"",i,j,i*j);exit(0);}
```

Assembly Code:

```assembly

```

Only output the optimized assembly code. Do not include any other text. Do not write any comments in the assembly code. Wrap the assembly code in ```assembly``` tags.
Optimized Assembly Code:
","Given the following C code, your task is to generate highly optimized x86-64 assembly code.
C Code:

```c
j;main(i){for(;j++>8?j=i++<9:1;)printf(""%dx%d=%d\n"",i,j,i*j);exit(0);}
```

Only output the optimized assembly code. Do not include any other text. Do not write any comments in the assembly code. Wrap the assembly code in ```assembly``` tags.
Optimized Assembly Code:
"
4,"#include<stdio.h>
int main(void)
{
	int i,j;
	for(i=1;i<=9;i++){
		for(j=1;j<=9;j++){
		}	
	}
	for(i=1;i<10;i++){
		for(j=1;j<10;j++){
		printf(""%dx%d=%d\n"",i,j,i*j);
		}
	}
	return 0;
}

","[{""input"": ""\n"", ""output"": ""\n""}]","Given the following C code and assembly code, your task is to generate highly optimized x86-64 assembly code.
C Code:

```c
#include<stdio.h>
int main(void)
{
	int i,j;
	for(i=1;i<=9;i++){
		for(j=1;j<=9;j++){
		}	
	}
	for(i=1;i<10;i++){
		for(j=1;j<10;j++){
		printf(""%dx%d=%d\n"",i,j,i*j);
		}
	}
	return 0;
}
```

Assembly Code:

```assembly

```

Only output the optimized assembly code. Do not include any other text. Do not write any comments in the assembly code. Wrap the assembly code in ```assembly``` tags.
Optimized Assembly Code:
","Given the following C code, your task is to generate highly optimized x86-64 assembly code.
C Code:

```c
#include<stdio.h>
int main(void)
{
	int i,j;
	for(i=1;i<=9;i++){
		for(j=1;j<=9;j++){
		}	
	}
	for(i=1;i<10;i++){
		for(j=1;j<10;j++){
		printf(""%dx%d=%d\n"",i,j,i*j);
		}
	}
	return 0;
}
```

Only output the optimized assembly code. Do not include any other text. Do not write any comments in the assembly code. Wrap the assembly code in ```assembly``` tags.
Optimized Assembly Code:
"
